{"cameraMode":{"drawMode":0,"name":"Shaded","section":"Shading Mode"},"sceneLighting":true,"audioPlay":false,"sceneViewState":{"m_AlwaysRefresh":true,"showFog":false,"showSkybox":false,"showFlares":false,"showImageEffects":false,"showParticleSystems":true,"showVisualEffectGraphs":true,"m_FxEnabled":true},"in2DMode":false,"pivot":{"x":-12.810537338256836,"y":25.469707489013673,"z":-19.890714645385743},"rotation":{"x":-0.31912747025489809,"y":-0.26189783215522768,"z":0.09519271552562714,"w":-0.9063661098480225},"size":0.8660256266593933,"orthographic":false}