{"cameraMode":{"drawMode":0,"name":"Shaded","section":"Shading Mode"},"sceneLighting":true,"audioPlay":false,"sceneViewState":{"m_AlwaysRefresh":true,"showFog":false,"showSkybox":false,"showFlares":false,"showImageEffects":false,"showParticleSystems":true,"showVisualEffectGraphs":true,"m_FxEnabled":true},"in2DMode":false,"pivot":{"x":-10.775398254394532,"y":10.326382637023926,"z":-10.315109252929688},"rotation":{"x":0.2570144832134247,"y":0.36501026153564455,"z":-0.10780898481607437,"w":0.8887743353843689},"size":0.7203511595726013,"orthographic":false}