{"cameraMode":{"drawMode":0,"name":"Shaded","section":"Shading Mode"},"sceneLighting":false,"audioPlay":false,"sceneViewState":{"m_AlwaysRefresh":true,"showFog":false,"showSkybox":false,"showFlares":false,"showImageEffects":false,"showParticleSystems":true,"showVisualEffectGraphs":true,"m_FxEnabled":true},"in2DMode":false,"pivot":{"x":0.2867293357849121,"y":0.2393132448196411,"z":-0.09860813617706299},"rotation":{"x":0.1151403933763504,"y":0.31748250126838686,"z":-0.03884302079677582,"w":0.9405187964439392},"size":1.0716869831085206,"orthographic":false}