{"cameraMode":{"drawMode":0,"name":"Shaded","section":"Shading Mode"},"sceneLighting":false,"audioPlay":false,"sceneViewState":{"m_AlwaysRefresh":true,"showFog":false,"showSkybox":false,"showFlares":false,"showImageEffects":false,"showParticleSystems":true,"showVisualEffectGraphs":true,"m_FxEnabled":true},"in2DMode":false,"pivot":{"x":0.1898396611213684,"y":0.2880866527557373,"z":0.15775322914123536},"rotation":{"x":0.17034949362277986,"y":-0.04825699329376221,"z":0.007736776489764452,"w":0.9844508171081543},"size":1.0716869831085206,"orthographic":false}