{"cameraMode":{"drawMode":0,"name":"Shaded","section":"Shading Mode"},"sceneLighting":false,"audioPlay":false,"sceneViewState":{"m_AlwaysRefresh":true,"showFog":false,"showSkybox":false,"showFlares":false,"showImageEffects":false,"showParticleSystems":true,"showVisualEffectGraphs":true,"m_FxEnabled":true},"in2DMode":false,"pivot":{"x":-10.390678405761719,"y":20.225421905517579,"z":-10.390674591064454},"rotation":{"x":0.24174995720386506,"y":0.33947330713272097,"z":-0.09131330251693726,"w":0.9047194719314575},"size":12.12435531616211,"orthographic":false}