{"cameraMode":{"drawMode":0,"name":"Shaded","section":"Shading Mode"},"sceneLighting":false,"audioPlay":false,"sceneViewState":{"m_AlwaysRefresh":true,"showFog":false,"showSkybox":false,"showFlares":false,"showImageEffects":false,"showParticleSystems":true,"showVisualEffectGraphs":true,"m_FxEnabled":true},"in2DMode":false,"pivot":{"x":3.737800359725952,"y":31.794410705566408,"z":-26.810279846191408},"rotation":{"x":0.3403104245662689,"y":-0.07464856654405594,"z":0.02665182203054428,"w":0.9370995163917542},"size":0.000017320508050033823,"orthographic":false}