{"cameraMode":{"drawMode":0,"name":"Shaded","section":"Shading Mode"},"sceneLighting":false,"audioPlay":false,"sceneViewState":{"m_AlwaysRefresh":true,"showFog":false,"showSkybox":false,"showFlares":false,"showImageEffects":false,"showParticleSystems":true,"showVisualEffectGraphs":true,"m_FxEnabled":true},"in2DMode":false,"pivot":{"x":6.593812465667725,"y":-0.3810836970806122,"z":-5.669557571411133},"rotation":{"x":0.11968016624450684,"y":0.45666712522506716,"z":-0.062305256724357608,"w":0.8795844912528992},"size":0.8660253882408142,"orthographic":false}