{"cameraMode":{"drawMode":0,"name":"Shaded","section":"Shading Mode"},"sceneLighting":false,"audioPlay":false,"sceneViewState":{"m_AlwaysRefresh":true,"showFog":false,"showSkybox":false,"showFlares":false,"showImageEffects":false,"showParticleSystems":true,"showVisualEffectGraphs":true,"m_FxEnabled":true},"in2DMode":false,"pivot":{"x":0.04447190463542938,"y":0.11865663528442383,"z":0.10849571228027344},"rotation":{"x":0.32383379340171816,"y":-0.05665363743901253,"z":0.018968936055898668,"w":0.9443911910057068},"size":0.8660256266593933,"orthographic":false}