{"cameraMode":{"drawMode":0,"name":"Shaded","section":"Shading Mode"},"sceneLighting":false,"audioPlay":false,"sceneViewState":{"showFog":false,"showMaterialUpdate":true,"showSkybox":false,"showFlares":false,"showImageEffects":false,"showParticleSystems":true},"in2DMode":false,"pivot":{"x":-0.4307011365890503,"y":-0.12200474739074707,"z":-0.020036816596984865},"rotation":{"x":0.47684380412101748,"y":0.10917626321315766,"z":-0.05982799082994461,"w":0.8701271414756775},"size":2.8578836917877199,"orthographic":false}