{"cameraMode":{"drawMode":0,"name":"Shaded","section":"Shading Mode"},"sceneLighting":false,"audioPlay":false,"sceneViewState":{"showFog":false,"showMaterialUpdate":true,"showSkybox":false,"showFlares":false,"showImageEffects":false,"showParticleSystems":true},"in2DMode":false,"pivot":{"x":-5.857199668884277,"y":9.144062995910645,"z":-5.70559024810791},"rotation":{"x":0.3685409128665924,"y":0.40272367000579836,"z":-0.1814466118812561,"w":0.8179660439491272},"size":0.00005715767838410102,"orthographic":false}