{"cameraMode":{"drawMode":0,"name":"Shaded","section":"Shading Mode"},"sceneLighting":false,"audioPlay":false,"sceneViewState":{"showFog":false,"showMaterialUpdate":true,"showSkybox":false,"showFlares":false,"showImageEffects":false,"showParticleSystems":true},"in2DMode":false,"pivot":{"x":57.79999923706055,"y":39.79999923706055,"z":-34.22999954223633},"rotation":{"x":0.33721569180488589,"y":0.37920016050338747,"z":-0.150718554854393,"w":0.8483966588973999},"size":7.000357151031494,"orthographic":false}