{"cameraMode":{"drawMode":0,"name":"Shaded","section":"Shading Mode"},"sceneLighting":false,"audioPlay":false,"sceneViewState":{"showFog":false,"showMaterialUpdate":true,"showSkybox":false,"showFlares":false,"showImageEffects":false,"showParticleSystems":true},"in2DMode":false,"pivot":{"x":-6.265315055847168,"y":-1.0185327529907227,"z":5.590572834014893},"rotation":{"x":0.34588348865509035,"y":0.2425668090581894,"z":-0.09305501729249954,"w":0.9015912413597107},"size":18.447561264038087,"orthographic":false}