{"cameraMode":{"drawMode":0,"name":"Shaded","section":"Shading Mode"},"sceneLighting":false,"audioPlay":false,"sceneViewState":{"showFog":false,"showMaterialUpdate":true,"showSkybox":false,"showFlares":false,"showImageEffects":false,"showParticleSystems":true},"in2DMode":false,"pivot":{"x":-838.5079345703125,"y":648.1265869140625,"z":-1063.1044921875},"rotation":{"x":0.2266124188899994,"y":0.4803081154823303,"z":-0.1299934834241867,"w":0.8372889161109924},"size":6.9564313888549809,"orthographic":false}