{"cameraMode":{"drawMode":0,"name":"Shaded","section":"Shading Mode"},"sceneLighting":false,"audioPlay":false,"sceneViewState":{"showFog":false,"showMaterialUpdate":true,"showSkybox":false,"showFlares":false,"showImageEffects":false,"showParticleSystems":true},"in2DMode":false,"pivot":{"x":-354.1782531738281,"y":101.0,"z":350.8516540527344},"rotation":{"x":0.010790310800075531,"y":-0.9283396601676941,"z":0.37059178948402407,"w":0.027033606544137},"size":2.8578836917877199,"orthographic":false}