{"cameraMode":{"drawMode":0,"name":"Shaded","section":"Shading Mode"},"sceneLighting":false,"audioPlay":false,"sceneViewState":{"showFog":false,"showMaterialUpdate":true,"showSkybox":false,"showFlares":false,"showImageEffects":false,"showParticleSystems":true},"in2DMode":false,"pivot":{"x":7.919409275054932,"y":-9.74052619934082,"z":10.673493385314942},"rotation":{"x":0.28421473503112795,"y":0.3064030706882477,"z":-0.09639784693717957,"w":0.9033529758453369},"size":27.930309295654298,"orthographic":false}