{"cameraMode":{"drawMode":0,"name":"Shaded","section":"Shading Mode"},"sceneLighting":false,"audioPlay":false,"sceneViewState":{"showFog":false,"showMaterialUpdate":true,"showSkybox":false,"showFlares":false,"showImageEffects":false,"showParticleSystems":true},"in2DMode":false,"pivot":{"x":-9.614930152893067,"y":6.365060806274414,"z":-4.90224027633667},"rotation":{"x":0.2113327533006668,"y":0.5079883933067322,"z":-0.13014984130859376,"w":0.8248316645622253},"size":0.00005715767838410102,"orthographic":false}