{"cameraMode":{"drawMode":0,"name":"Shaded","section":"Shading Mode"},"sceneLighting":false,"audioPlay":false,"sceneViewState":{"showFog":false,"showMaterialUpdate":true,"showSkybox":false,"showFlares":false,"showImageEffects":false,"showParticleSystems":true},"in2DMode":false,"pivot":{"x":1.1481270790100098,"y":2.255736827850342,"z":0.9004607200622559},"rotation":{"x":0.3275687098503113,"y":0.41146883368492129,"z":-0.1614021360874176,"w":0.8350697159767151},"size":8.573651313781739,"orthographic":false}