{"cameraMode":{"drawMode":0,"name":"Shaded","section":"Shading Mode"},"sceneLighting":false,"audioPlay":false,"sceneViewState":{"showFog":false,"showMaterialUpdate":true,"showSkybox":false,"showFlares":false,"showImageEffects":false,"showParticleSystems":true},"in2DMode":false,"pivot":{"x":-0.19706106185913087,"y":-3.1835532188415529,"z":5.190347671508789},"rotation":{"x":0.30949658155441286,"y":0.3064950406551361,"z":-0.10611788183450699,"w":0.8938745260238648},"size":8.573652267456055,"orthographic":false}