{"cameraMode":{"drawMode":0,"name":"Shaded","section":"Shading Mode"},"sceneLighting":false,"audioPlay":false,"sceneViewState":{"showFog":false,"showMaterialUpdate":true,"showSkybox":false,"showFlares":false,"showImageEffects":false,"showParticleSystems":true},"in2DMode":false,"pivot":{"x":0.22087250649929048,"y":-7.500706672668457,"z":3.169557809829712},"rotation":{"x":-0.5611820816993713,"y":-0.0007514059543609619,"z":0.0005084617296233773,"w":-0.827691912651062},"size":12.88691234588623,"orthographic":false}