{"cameraMode":{"drawMode":0,"name":"Shaded","section":"Shading Mode"},"sceneLighting":true,"audioPlay":false,"sceneViewState":{"showFog":false,"showMaterialUpdate":true,"showSkybox":false,"showFlares":false,"showImageEffects":false,"showParticleSystems":true},"in2DMode":false,"pivot":{"x":-15.64236068725586,"y":13.189410209655762,"z":-14.846089363098145},"rotation":{"x":0.21514327824115754,"y":0.37908804416656496,"z":-0.09108763188123703,"w":0.8953819274902344},"size":2.8578836917877199,"orthographic":false}