{"cameraMode":{"drawMode":0,"name":"Shaded","section":"Shading Mode"},"sceneLighting":false,"audioPlay":false,"sceneViewState":{"showFog":false,"showMaterialUpdate":true,"showSkybox":false,"showFlares":false,"showImageEffects":false,"showParticleSystems":true},"in2DMode":false,"pivot":{"x":0.08789967000484467,"y":0.2721068561077118,"z":0.00435638427734375},"rotation":{"x":0.034848976880311969,"y":-0.9413292407989502,"z":0.3196077048778534,"w":0.10264356434345246},"size":3.808558940887451,"orthographic":false}