{"cameraMode":{"drawMode":0,"name":"Shaded","section":"Shading Mode"},"sceneLighting":false,"audioPlay":false,"sceneViewState":{"showFog":false,"showMaterialUpdate":true,"showSkybox":false,"showFlares":false,"showImageEffects":false,"showParticleSystems":true},"in2DMode":false,"pivot":{"x":-831.5499877929688,"y":648.6069946289063,"z":-1064.219970703125},"rotation":{"x":0.30949658155441286,"y":0.3064950406551361,"z":-0.10611788183450699,"w":0.8938745260238648},"size":4.422050476074219,"orthographic":false}