{"cameraMode":{"drawMode":0,"name":"Shaded","section":"Shading Mode"},"sceneLighting":false,"audioPlay":false,"sceneViewState":{"showFog":false,"showMaterialUpdate":true,"showSkybox":false,"showFlares":false,"showImageEffects":false,"showParticleSystems":true},"in2DMode":false,"pivot":{"x":-22.88265037536621,"y":20.637489318847658,"z":-14.499410629272461},"rotation":{"x":0.2696816921234131,"y":0.45608294010162356,"z":-0.1472613364458084,"w":0.8352091312408447},"size":2.8578836917877199,"orthographic":false}