{"cameraMode":{"drawMode":0,"name":"Shaded","section":"Shading Mode"},"sceneLighting":false,"audioPlay":false,"sceneViewState":{"showFog":false,"showMaterialUpdate":true,"showSkybox":false,"showFlares":false,"showImageEffects":false,"showParticleSystems":true},"in2DMode":false,"pivot":{"x":59.206520080566409,"y":28.267852783203126,"z":21.586933135986329},"rotation":{"x":0.35497137904167178,"y":0.2680807411670685,"z":-0.10701626539230347,"w":0.889199435710907},"size":4.542129039764404,"orthographic":false}