{"cameraMode":{"drawMode":0,"name":"Shaded","section":"Shading Mode"},"sceneLighting":false,"audioPlay":false,"sceneViewState":{"showFog":false,"showMaterialUpdate":true,"showSkybox":false,"showFlares":false,"showImageEffects":false,"showParticleSystems":true},"in2DMode":false,"pivot":{"x":1.8259241580963135,"y":-1.477505087852478,"z":1.0509635210037232},"rotation":{"x":0.12552890181541444,"y":0.621541440486908,"z":-0.1017824336886406,"w":0.7665305137634277},"size":6.062487602233887,"orthographic":false}