{"cameraMode":{"drawMode":0,"name":"Shaded","section":"Shading Mode"},"sceneLighting":false,"audioPlay":false,"sceneViewState":{"showFog":false,"showMaterialUpdate":true,"showSkybox":false,"showFlares":false,"showImageEffects":false,"showParticleSystems":true},"in2DMode":false,"pivot":{"x":-852.7107543945313,"y":641.3942260742188,"z":-1084.5408935546875},"rotation":{"x":0.2743180990219116,"y":0.5047272443771362,"z":-0.17306026816368104,"w":0.8000313639640808},"size":20.20829200744629,"orthographic":false}