{"cameraMode":{"drawMode":0,"name":"Shaded","section":"Shading Mode"},"sceneLighting":false,"audioPlay":false,"sceneViewState":{"showFog":false,"showMaterialUpdate":true,"showSkybox":false,"showFlares":false,"showImageEffects":false,"showParticleSystems":true},"in2DMode":false,"pivot":{"x":39.05718231201172,"y":-36.11669921875,"z":2.4601998329162599},"rotation":{"x":-0.30169907212257388,"y":-0.6460935473442078,"z":0.30996423959732058,"w":-0.6288585662841797},"size":128.60092163085938,"orthographic":false}