{"cameraMode":{"drawMode":0,"name":"Shaded","section":"Shading Mode"},"sceneLighting":false,"audioPlay":false,"sceneViewState":{"m_AlwaysRefresh":true,"showFog":false,"showSkybox":false,"showFlares":false,"showImageEffects":false,"showParticleSystems":true,"showVisualEffectGraphs":true,"m_FxEnabled":true},"in2DMode":false,"pivot":{"x":-0.05988672748208046,"y":0.08037042617797852,"z":0.18661600351333619},"rotation":{"x":0.5275261402130127,"y":-0.0535380020737648,"z":0.03283274918794632,"w":0.8473612070083618},"size":0.8660253882408142,"orthographic":false}